____	____	____	___	________	______	_____	(FiO2)____	Apgar score__	____ROP
1	26	718	15.4	92	32	Y	H	1	Y
2	31	790	18.4	75	9	Y	L	5	N
3	25	790	13.8	104	50	Y	H	5	Y
4	25	790	13.8	104	63	Y	H	5	Y
5	28	798	21	92	52	Y	H	1	Y
6	25	800	15.8	96	32	Y	H	3	Y
7	26	816	15.2	84	30	Y	H	3	Y
8	24	823	12.8	99	68	Y	H	3	Y
9	24	842	15.8	94	32	Y	H	3	Y
10	27	843	16.3	71	31	Y	H	3	Y
11	29	843	14.5	92	65	Y	H	3	Y
12	27	856	14.9	81	66	Y	H	3	Y
13	27	860	16.4	92	55	Y	H	1	Y
14	26	860	20	83	59	Y	H	2	Y
15	27	874	13.8	73	30	Y	L	2	Y
16	26	889	15.2	84	42	Y	H	3	Y
17	30	890	15.9	84	62	Y	H	2	Y
18	28	900	18.1	55	53	Y	H	6	Y
19	29	910	17.8	82	58	Y	H	2	Y
20	26	912	18.5	91	41	Y	L	5	Y
21	26	912	18.2	61	53	Y	H	2	Y
22	30	920	16.4	94	60	Y	H	1	Y
23	26	925	15.4	91	33	Y	L	5	Y
24	27	925	15.3	70	28	Y	H	3	Y
25	28	932	19.9	85	54	Y	H	2	Y
26	25	936	15.9	80	50	Y	H	3	Y
27	27	942	20.2	94	51	Y	H	1	Y
28	27	946	14.1	70	28	Y	H	4	Y
29	27	948	19.6	82	60	Y	H	2	Y
30	34	950	15.4	65	9	Y	L	3	N
31	25	956	16.8	86	33	Y	L	5	Y
32	26	965	16.8	91	65	Y	H	3	Y
33	26	968	15.9	88	26	Y	H	2	Y
34	26	980	13.7	86	68	Y	H	3	Y
35	28	981	20.6	84	56	Y	H	2	Y
36	28	985	16.9	58	45	Y	H	2	Y
37	28	990	20	84	62	Y	H	2	Y
38	27	996	15.9	84	66	Y	H	3	Y
39	26	999	16.8	82	62	Y	H	3	Y
40	26	1000	11.4	78	59	Y	H	3	Y
41	26	1000	16.1	79	63	Y	H	3	Y
42	28	1010	18.9	58	40	Y	L	6	Y
43	24	1011	13.9	54	26	Y	H	3	Y
44	26	1011	16.8	78	42	Y	H	2	Y
45	27	1011	15.8	69	38	Y	H	4	Y
46	24	1029	16.5	45	34	Y	L	5	Y
47	27	1034	17.4	79	70	Y	H	4	Y
48	28	1035	16.2	59	56	Y	L	5	N
49	28	1038	15.2	49	30	Y	L	5	Y
50	28	1043	16.8	62	38	Y	H	2	Y
51	26	1045	12.8	56	22	Y	L	3	Y
52	26	1052	15	60	22	Y	H	2	Y
53	26	1052	15	63	55	Y	H	2	Y
54	31	1052	14.9	51	25	Y	L	3	Y
55	28	1058	14.8	38	21	Y	H	3	Y
56	26	1063	16.7	86	33	Y	L	5	Y
57	26	1084	15.8	77	48	Y	H	2	Y
58	28	1085	18.5	74	58	Y	H	4	Y
59	28	1088	19.1	79	63	Y	H	5	Y
60	26	1088	14.2	70	28	Y	H	4	Y
61	29	1091	18.2	66	32	Y	H	2	Y
62	32	1103	16.5	66	54	Y	H	2	Y
63	29	1110	17.4	43	17	Y	H	4	Y
64	26	1110	18.7	72	58	Y	H	4	Y
65	27	1120	13.4	68	36	Y	H	2	Y
66	27	1120	18.5	87	39	Y	L	5	Y
67	35	1126	14.2	49	18	Y	H	4	Y
68	35	1126	14.6	48	36	Y	H	4	Y
69	29	1129	16.7	39	32	Y	L	5	Y
70	26	1130	14.9	57	12	Y	L	6	N
71	27	1145	13.7	65	54	Y	L	6	N
72	28	1150	17	64	21	Y	H	5	Y
73	28	1150	16.9	46	22	Y	L	5	N
74	27	1160	13.6	44	31	Y	H	3	Y
75	27	1169	18.2	52	30	Y	H	2	Y
76	26	1178	16.6	63	55	Y	H	2	Y
77	30	1182	12.8	44	40	Y	L	4	Y
78	26	1184	20.8	51	24	Y	H	1	Y
79	26	1194	17.2	67	48	Y	H	3	Y
80	27	1199	18.1	51	29	Y	H	2	Y
81	27	1201	18.4	60	48	Y	H	2	Y
82	28	1209	21	52	39	Y	H	4	Y
83	30	1210	11.7	44	40	Y	L	4	Y
84	29	1220	19.5	57	18	Y	L	5	N
85	29	1220	19.5	58	46	Y	H	5	Y
86	28	1238	14.2	56	39	Y	L	6	Y
87	30	1240	15.8	40	6	Y	L	6	N
88	29	1240	17.1	32	18	Y	H	3	Y
89	33	1244	14	28	9	Y	L	6	N
90	29	1245	16.4	59	26	Y	L	5	Y
91	29	1254	15.7	50	45	Y	H	6	Y
92	29	1265	14.7	60	25	Y	H	3	Y
93	28	1266	16.2	75	21	Y	H	6	N
94	28	1269	14.2	49	22	Y	H	1	Y
95	30	1280	18.6	39	24	Y	L	6	Y
96	30	1284	20.5	25	15	Y	H	3	Y
97	31	1285	21.5	51	42	Y	H	4	Y
98	29	1285	15.9	40	21	Y	H	3	Y
99	28	1289	17.1	20	15	Y	H	3	N
100	30	1290	21	52	46	Y	L	2	Y
101	28	1290	16.1	20	11	Y	L	3	Y
102	30	1300	19.5	34	16	Y	L	6	N
103	29	1300	16.5	32	13	Y	H	1	Y
104	27	1305	18.3	52	47	Y	H	2	Y
105	29	1310	16.7	92	26	Y	H	4	N
106	28	1310	15.8	58	23	Y	H	3	Y
107	32	1320	19.1	18	10	Y	L	5	N
108	29	1320	16.8	14	6	Y	L	3	Y
109	30	1321	20.1	60	20	Y	L	5	Y
110	30	1326	14.5	42	12	Y	L	5	N
111	28	1340	15.8	57	48	Y	L	4	Y
112	36	1350	16.8	24	4	Y	L	6	N
113	30	1350	20.5	14	7	Y	L	3	Y
114	32	1356	16.9	11	5	Y	H	3	Y
115	31	1370	11.6	25	13	Y	L	4	Y
116	31	1375	20.1	67	39	Y	H	4	Y
117	28	1380	17.5	11	6	Y	H	3	N
118	32	1380	16.8	7	4	Y	L	6	N
119	31	1382	19	39	4	Y	L	4	N
120	29	1390	11.3	41	30	Y	H	6	N
121	30	1400	16.5	41	6	Y	L	4	N
122	28	1403	20.8	58	20	Y	L	5	Y
123	30	1404	16.5	59	34	Y	L	5	N
124	31	1410	21	38	5	Y	L	5	N
125	34	1420	19	23	7	Y	L	7	N
126	24	1428	18.7	56	31	Y	L	5	Y
127	36	1444	13.2	9	3	Y	L	5	N
128	30	1468	18.3	36	16	Y	L	5	Y
129	30	1468	18.3	17	16	Y	L	5	Y
130	30	1480	17.5	33	16	Y	L	6	N
131	30	1480	17.5	17	16	Y	L	6	N
132	31	1490	20.5	30	25	Y	L	3	N
133	34	1490	15.3	33	23	Y	L	2	N
134	32	1492	16.2	20	2	Y	L	2	N
135	30	1492	19.8	15	5	Y	L	3	N
136	30	1498	19.6	23	21	Y	L	6	N
137	32	1508	19.6	19	10	Y	L	7	N
138	30	1520	21.1	27	18	Y	L	6	Y
139	30	1520	16.9	27	22	Y	L	6	Y
140	31	1530	16.4	20	4	Y	L	5	N
141	32	1530	18.1	28	5	Y	L	6	N
142	34	1530	16.8	34	24	Y	L	1	Y
143	30	1530	19.6	46	19	Y	L	6	N
144	30	1536	13.7	27	17	Y	L	4	N
145	29	1550	21	73	10	Y	L	5	Y
146	31	1558	16.9	30	17	Y	L	5	Y
147	30	1560	12.2	12	6	Y	L	3	Y
148	31	1586	16.4	21	11	Y	L	7	N
149	29	1588	19.1	36	32	Y	L	6	N
150	29	1610	19.4	36	22	N	L	5	N
151	31	1610	15.9	3	3	Y	L	6	N
152	35	1615	14.9	7	0	N	Z	7	N
153	28	1620	17.9	38	30	Y	L	2	Y
154	27	1620	16.9	68	39	Y	H	4	Y
155	29	1630	16	7	3	Y	L	6	N
156	33	1640	12.2	4	4	Y	L	4	N
157	34	1640	18.9	3	2	N	L	7	N
158	36	1650	16.5	4	2	Y	L	6	N
159	32	1652	14.4	18	7	Y	L	6	N
160	27	1654	15	62	51	Y	H	4	Y
161	31	1658	15.7	52	41	Y	H	3	Y
162	30	1660	16.1	10	8	Y	L	7	Y
163	32	1680	18.7	6	4	Y	L	4	N
164	30	1680	21.5	9	6	Y	L	7	N
165	30	1680	18.9	51	48	Y	H	3	Y
166	31	1685	14	33	8	Y	H	6	N
167	32	1700	18.8	4	3	N	L	7	N
168	33	1710	14.7	5	4	Y	L	4	N
169	30	1724	10.2	12	9	Y	L	4	N
170	33	1725	19.8	3	1	N	L	6	N
171	31	1750	13.9	18	18	Y	L	5	N
172	34	1760	18	9	4	Y	L	6	N
173	33	1760	19.4	25	20	Y	L	3	Y
174	33	1760	20.3	17	2	Y	L	6	Y
175	33	1770	12.3	50	38	N	L	5	N
176	32	1778	17.3	15	13	Y	L	6	N
177	34	1780	17.2	12	5	Y	L	7	N
178	31	1790	18.2	2	1	Y	L	7	N
179	31	1800	12.3	2	1	Y	L	6	N
180	32	1806	12.6	8	3	Y	L	7	N
181	34	1816	20.8	6	3	N	L	6	N
182	34	1818	13.6	28	13	Y	L	5	N
183	32	1820	19	7	2	N	L	2	N
184	34	1835	17.6	13	10	Y	L	7	N
185	36	1850	21.2	12	8	Y	L	7	N
186	35	1851	18.7	18	10	Y	L	4	Y
187	33	1855	15.8	20	3	Y	L	7	N
188	36	1860	21.3	8	0	N	Z	7	N
189	32	1890	9.1	7	2	Y	L	6	N
190	32	1896	16.4	19	13	Y	L	6	N
191	33	1896	19.2	12	4	Y	L	8	Y
192	34	1900	16.1	10	0	N	Z	6	N
193	36	1900	18.8	2	1	N	L	5	N
194	33	1904	18.1	0	0	N	Z	4	N
195	36	1910	17.5	2	0	N	Z	6	N
196	36	1912	14.1	2	2	Y	L	5	N
197	35	1918	18.2	8	2	Y	L	5	N
198	33	1924	12.1	7	3	Y	L	7	N
199	31	1930	19	12	4	Y	L	7	N
200	36	1940	18.2	1	0	N	Z	7	N
201	36	1940	20.8	0	0	N	Z	7	N
202	33	1950	18.6	5	3	N	L	7	N
203	33	1950	17.2	3	1	Y	L	5	N
204	34	1950	19.2	1	0	N	Z	7	N
205	32	1950	14.5	10	4	Y	L	6	N
206	34	1950	11.2	22	15	Y	L	5	N
207	36	1960	16.8	6	3	N	L	6	N
208	33	1960	17.6	5	4	Y	L	8	N
209	33	1960	17.5	6	3	Y	L	8	N
210	35	1965	17.4	7	2	Y	L	6	N
211	32	1970	15.2	9	7	Y	L	7	N
212	30	1975	17.1	9	5	Y	L	5	N
213	35	1978	16.8	3	1	Y	L	7	N
214	32	1985	14	7	2	N	L	6	N
215	36	1985	15.2	3	1	Y	L	6	N
216	31	1990	18.1	8	8	Y	L	6	N
217	30	1990	17.3	1	0	N	Z	8	N
218	34	1995	18.8	1	1	N	L	7	N
219	32	2000	14.8	3	1	N	L	7	N
220	35	2000	17.2	0	0	N	Z	7	N
221	35	2000	15.8	2	2	Y	L	5	N
222	33	2005	18.2	1	0	N	Z	7	N
223	34	2008	18.1	8	1	Y	L	6	N
224	31	2010	17.5	6	3	Y	L	7	N
225	34	2020	14	5	2	Y	L	7	N
226	36	2020	17.8	3	2	Y	L	5	N
227	33	2030	16.6	1	1	N	L	7	N
228	34	2030	16.1	8	5	Y	L	6	N
229	34	2030	12.1	2	1	N	L	7	N
230	33	2030	18.3	4	2	N	L	6	N
231	32	2035	20.7	2	2	N	L	5	N
232	33	2038	17.8	10	0	Y	Z	6	N
233	32	2050	15.6	18	8	N	L	6	N
234	33	2050	16.8	1	1	N	L	7	N
235	34	2055	20.6	2	1	N	L	5	N
236	33	2058	18.7	0	0	N	Z	6	N
237	33	2065	16.5	9	2	Y	L	7	N
238	35	2065	18.2	4	3	Y	L	6	N
239	34	2075	13.6	0	0	N	Z	7	N
240	36	2085	15.1	2	1	N	L	7	N
241	34	2086	19.2	2	1	N	L	7	N
242	35	2090	22.2	9	6	Y	L	3	N
243	36	2096	15.1	5	3	N	L	7	N
244	36	2096	15.7	6	3	Y	L	7	N
245	35	2096	15.2	15	3	Y	L	6	N
246	34	2110	15.4	2	2	N	L	7	N
247	36	2115	18.6	2	1	N	L	7	N
248	33	2115	17.3	13	2	Y	H	6	Y
249	35	2115	21.4	8	3	Y	L	7	N
250	36	2115	20.5	0	0	N	Z	7	N
251	30	2124	17.9	25	8	Y	L	5	Y
252	35	2125	19.5	3	1	Y	L	6	N
253	36	2130	14.8	2	0	N	Z	7	N
254	35	2135	19.3	8	2	Y	L	7	N
255	35	2135	18.3	4	3	Y	L	7	N
256	34	2150	18.2	0	0	N	Z	6	N
257	35	2170	15.8	4	2	Y	L	3	N
258	36	2178	14.9	2	2	Y	L	7	N
259	34	2180	15.7	5	3	Y	L	7	N
260	34	2180	17.8	3	3	Y	L	6	N
261	33	2185	14.3	1	0	N	L	7	N
262	35	2185	10.1	8	5	N	L	6	N
263	36	2185	16.4	2	2	Y	L	2	N
264	36	2190	16.1	1	0	N	Z	7	N
265	35	2190	14.6	8	3	N	L	7	N
266	36	2195	12.7	0	0	N	Z	6	N
267	36	2195	18.5	1	1	N	L	6	N
268	36	2196	18.2	0	0	N	Z	6	N
269	36	2200	18.6	0	0	N	Z	6	N
270	34	2200	15.9	9	3	Y	H	7	N
271	34	2200	20.7	1	0	N	Z	7	N
272	36	2200	16.1	5	3	N	L	7	N
273	32	2210	16	27	4	Y	L	3	N
274	35	2210	20.6	3	1	N	L	7	N
275	35	2220	15.5	2	2	Y	L	7	N
276	34	2230	19.2	2	2	Y	L	7	N
277	36	2230	20.5	1	1	N	L	7	N
278	35	2232	17.1	3	1	Y	L	6	N
279	34	2234	15.8	8	4	Y	L	7	N
280	35	2235	16.3	0	0	N	Z	7	N
281	36	2235	18.5	0	0	N	Z	7	N
282	34	2240	17.5	5	4	Y	L	7	N
283	35	2240	17.1	20	10	Y	L	6	N
284	36	2240	15.6	3	3	Y	L	6	N
285	35	2255	16.3	1	1	N	L	5	N
286	33	2258	16.1	2	1	N	L	5	N
287	33	2270	18.5	15	4	Y	L	6	N
288	35	2270	16.2	14	10	N	L	5	N
289	36	2270	16.9	1	1	N	L	7	N
290	35	2275	16.8	7	0	N	Z	6	N
291	36	2290	18.4	2	2	N	L	7	N
292	36	2295	19.7	5	3	Y	L	6	N
293	35	2300	19	2	1	N	L	6	N
294	36	2300	21	5	3	Y	L	0	N
295	34	2305	22	8	4	N	L	6	N
296	35	2308	18	3	1	Y	L	6	N
297	35	2310	19	2	1	N	L	6	N
298	35	2310	18.5	0	0	N	Z	7	N
299	35	2312	18.4	1	1	N	L	7	N
300	33	2315	18.8	2	1	Y	L	6	N
301	32	2320	20	4	3	Y	L	7	N
302	36	2325	14.1	3	3	Y	L	4	N
303	36	2330	13.2	3	1	N	L	7	N
304	36	2330	18.1	6	5	Y	L	7	N
305	35	2334	15.1	5	3	Y	L	5	N
306	36	2335	18	5	2	Y	L	7	N
307	36	2350	17.3	4	2	Y	L	7	N
308	34	2360	12.4	0	0	N	Z	7	N
309	34	2362	16.2	3	2	N	L	5	N
310	34	2370	19.2	6	4	Y	L	4	N
311	35	2370	15.4	5	5	N	L	7	N
312	36	2370	18.7	5	4	Y	L	5	N
313	36	2375	16.7	2	2	N	L	6	N
314	36	2375	22.1	0	0	N	Z	7	N
315	35	2380	18.5	2	1	N	L	7	N
316	36	2385	20.1	6	4	N	L	7	N
317	36	2385	17.8	9	1	Y	L	7	N
318	36	2395	23.1	1	1	N	L	7	N
319	35	2396	13.6	6	4	N	L	7	N
320	35	2400	16.8	6	2	Y	L	7	N
321	33	2405	17.5	9	6	Y	L	7	N
322	32	2405	19.2	1	0	N	Z	7	N
323	36	2415	18.3	3	2	Y	L	6	N
324	36	2420	17	10	5	Y	L	7	N
325	36	2420	19.2	1	0	N	Z	7	N
326	36	2430	15.7	0	0	N	Z	7	N
327	36	2430	17.1	0	0	N	Z	7	N
328	36	2435	20.7	4	2	Y	L	7	N
329	35	2436	18.2	3	1	Y	L	7	N
330	35	2440	16.6	5	1	Y	L	7	N
331	33	2445	14.8	3	3	Y	L	7	N
332	35	2450	19.2	0	0	N	Z	8	N
333	35	2450	17.5	1	1	N	L	7	N
334	36	2450	19.2	8	4	N	L	6	N
335	36	2450	14.6	3	2	N	L	8	N
336	32	2454	18.2	11	2	Y	L	5	N
337	33	2460	18	1	1	N	L	6	N
338	35	2470	16.6	2	2	Y	L	6	N
339	35	2480	17.3	5	1	Y	L	7	N
340	36	2480	16.3	2	2	Y	L	7	N
341	36	2495	13.2	2	1	Y	L	5	N
342	36	2495	16	6	4	Y	L	7	N
343	32	2496	17.1	6	4	Y	L	6	N
344	26	718	15.4	92	32	Y	H	1	Y
345	31	790	18.4	75	9	Y	L	5	N
346	25	790	13.8	104	50	Y	H	5	Y
347	25	790	13.8	104	63	Y	H	5	Y
348	28	798	21	92	52	Y	H	1	Y
349	25	800	15.8	96	32	Y	H	3	Y
350	26	816	15.2	84	30	Y	H	3	Y
351	24	823	12.8	99	68	Y	H	3	Y
352	24	842	15.8	94	32	Y	H	3	Y
353	27	843	16.3	71	31	Y	H	3	Y
354	29	843	14.5	92	65	Y	H	3	Y
355	27	856	14.9	81	66	Y	H	3	Y
356	27	860	16.4	92	55	Y	H	1	Y
357	26	860	20	83	59	Y	H	2	Y
358	27	874	13.8	73	30	Y	L	2	Y
359	26	889	15.2	84	42	Y	H	3	Y
360	30	890	15.9	84	62	Y	H	2	Y
361	28	900	18.1	55	53	Y	H	6	Y
362	29	910	17.8	82	58	Y	H	2	Y
363	26	912	18.5	91	41	Y	L	5	Y
364	26	912	18.2	61	53	Y	H	2	Y
365	30	920	16.4	94	60	Y	H	1	Y
366	26	925	15.4	91	33	Y	L	5	Y
367	27	925	15.3	70	28	Y	H	3	Y
368	28	932	19.9	85	54	Y	H	2	Y
369	25	936	15.9	80	50	Y	H	3	Y
370	27	942	20.2	94	51	Y	H	1	Y
371	27	946	14.1	70	28	Y	H	4	Y
372	27	948	19.6	82	60	Y	H	2	Y
373	34	950	15.4	65	9	Y	L	3	N
374	25	956	16.8	86	33	Y	L	5	Y
375	26	965	16.8	91	65	Y	H	3	Y
376	26	968	15.9	88	26	Y	H	2	Y
377	26	980	13.7	86	68	Y	H	3	Y
378	28	981	20.6	84	56	Y	H	2	Y
379	28	985	16.9	58	45	Y	H	2	Y
380	28	990	20	84	62	Y	H	2	Y
381	27	996	15.9	84	66	Y	H	3	Y
382	26	999	16.8	82	62	Y	H	3	Y
383	26	1000	11.4	78	59	Y	H	3	Y
384	26	1000	16.1	79	63	Y	H	3	Y
385	28	1010	18.9	58	40	Y	L	6	Y
386	24	1011	13.9	54	26	Y	H	3	Y
387	26	1011	16.8	78	42	Y	H	2	Y
388	27	1011	15.8	69	38	Y	H	4	Y
389	24	1029	16.5	45	34	Y	L	5	Y
390	27	1034	17.4	79	70	Y	H	4	Y
391	28	1035	16.2	59	56	Y	L	5	N
392	28	1038	15.2	49	30	Y	L	5	Y
393	28	1043	16.8	62	38	Y	H	2	Y
394	26	1045	12.8	56	22	Y	L	3	Y
395	26	1052	15	60	22	Y	H	2	Y
396	26	1052	15	63	55	Y	H	2	Y
397	31	1052	14.9	51	25	Y	L	3	Y
398	28	1058	14.8	38	21	Y	H	3	Y
399	26	1063	16.7	86	33	Y	L	5	Y
400	26	1084	15.8	77	48	Y	H	2	Y
401	28	1085	18.5	74	58	Y	H	4	Y
402	28	1088	19.1	79	63	Y	H	5	Y
403	26	1088	14.2	70	28	Y	H	4	Y
404	29	1091	18.2	66	32	Y	H	2	Y
405	32	1103	16.5	66	54	Y	H	2	Y
406	29	1110	17.4	43	17	Y	H	4	Y
407	26	1110	18.7	72	58	Y	H	4	Y
408	27	1120	13.4	68	36	Y	H	2	Y
409	27	1120	18.5	87	39	Y	L	5	Y
410	35	1126	14.2	49	18	Y	H	4	Y
411	35	1126	14.6	48	36	Y	H	4	Y
412	29	1129	16.7	39	32	Y	L	5	Y
413	26	1130	14.9	57	12	Y	L	6	N
414	27	1145	13.7	65	54	Y	L	6	N
415	28	1150	17	64	21	Y	H	5	Y
416	28	1150	16.9	46	22	Y	L	5	N
417	27	1160	13.6	44	31	Y	H	3	Y
418	27	1169	18.2	52	30	Y	H	2	Y
419	26	1178	16.6	63	55	Y	H	2	Y
420	30	1182	12.8	44	40	Y	L	4	Y
421	26	1184	20.8	51	24	Y	H	1	Y
422	26	1194	17.2	67	48	Y	H	3	Y
423	27	1199	18.1	51	29	Y	H	2	Y
424	27	1201	18.4	60	48	Y	H	2	Y
425	28	1209	21	52	39	Y	H	4	Y
426	30	1210	11.7	44	40	Y	L	4	Y
427	29	1220	19.5	57	18	Y	L	5	N
428	29	1220	19.5	58	46	Y	H	5	Y
429	28	1238	14.2	56	39	Y	L	6	Y
430	30	1240	15.8	40	6	Y	L	6	N
431	29	1240	17.1	32	18	Y	H	3	Y
432	33	1244	14	28	9	Y	L	6	N
433	29	1245	16.4	59	26	Y	L	5	Y
434	29	1254	15.7	50	45	Y	H	6	Y
435	29	1265	14.7	60	25	Y	H	3	Y
436	28	1266	16.2	75	21	Y	H	6	N
437	28	1269	14.2	49	22	Y	H	1	Y
438	30	1280	18.6	39	24	Y	L	6	Y
439	30	1284	20.5	25	15	Y	H	3	Y
440	31	1285	21.5	51	42	Y	H	4	Y
441	29	1285	15.9	40	21	Y	H	3	Y
442	28	1289	17.1	20	15	Y	H	3	N
443	30	1290	21	52	46	Y	L	2	Y
444	28	1290	16.1	20	11	Y	L	3	Y
445	30	1300	19.5	34	16	Y	L	6	N
446	29	1300	16.5	32	13	Y	H	1	Y
447	27	1305	18.3	52	47	Y	H	2	Y
448	29	1310	16.7	92	26	Y	H	4	N
449	28	1310	15.8	58	23	Y	H	3	Y
450	32	1320	19.1	18	10	Y	L	5	N
451	29	1320	16.8	14	6	Y	L	3	Y
452	30	1321	20.1	60	20	Y	L	5	Y
453	30	1326	14.5	42	12	Y	L	5	N
454	28	1340	15.8	57	48	Y	L	4	Y
455	36	1350	16.8	24	4	Y	L	6	N
456	30	1350	20.5	14	7	Y	L	3	Y
457	32	1356	16.9	11	5	Y	H	3	Y
458	31	1370	11.6	25	13	Y	L	4	Y
459	31	1375	20.1	67	39	Y	H	4	Y
460	28	1380	17.5	11	6	Y	H	3	N
461	32	1380	16.8	7	4	Y	L	6	N
462	31	1382	19	39	4	Y	L	4	N
463	29	1390	11.3	41	30	Y	H	6	N
464	30	1400	16.5	41	6	Y	L	4	N
465	28	1403	20.8	58	20	Y	L	5	Y
466	30	1404	16.5	59	34	Y	L	5	N
467	31	1410	21	38	5	Y	L	5	N
468	34	1420	19	23	7	Y	L	7	N
469	24	1428	18.7	56	31	Y	L	5	Y
470	36	1444	13.2	9	3	Y	L	5	N
471	30	1468	18.3	36	16	Y	L	5	Y
472	30	1468	18.3	17	16	Y	L	5	Y
473	30	1480	17.5	33	16	Y	L	6	N
474	30	1480	17.5	17	16	Y	L	6	N
475	31	1490	20.5	30	25	Y	L	3	N
476	34	1490	15.3	33	23	Y	L	2	N
477	32	1492	16.2	20	2	Y	L	2	N
478	30	1492	19.8	15	5	Y	L	3	N
479	30	1498	19.6	23	21	Y	L	6	N
480	32	1508	19.6	19	10	Y	L	7	N
481	30	1520	21.1	27	18	Y	L	6	Y
482	30	1520	16.9	27	22	Y	L	6	Y
483	31	1530	16.4	20	4	Y	L	5	N
484	32	1530	18.1	28	5	Y	L	6	N
485	34	1530	16.8	34	24	Y	L	1	Y
486	30	1530	19.6	46	19	Y	L	6	N
487	30	1536	13.7	27	17	Y	L	4	N
488	29	1550	21	73	10	Y	L	5	Y
489	31	1558	16.9	30	17	Y	L	5	Y
490	30	1560	12.2	12	6	Y	L	3	Y
491	31	1586	16.4	21	11	Y	L	7	N
492	29	1588	19.1	36	32	Y	L	6	N
493	29	1610	19.4	36	22	N	L	5	N
494	31	1610	15.9	3	3	Y	L	6	N
495	35	1615	14.9	7	0	N	Z	7	N
496	28	1620	17.9	38	30	Y	L	2	Y
497	27	1620	16.9	68	39	Y	H	4	Y
498	29	1630	16	7	3	Y	L	6	N
499	33	1640	12.2	4	4	Y	L	4	N
500	34	1640	18.9	3	2	N	L	7	N
501	36	1650	16.5	4	2	Y	L	6	N
502	32	1652	14.4	18	7	Y	L	6	N
503	27	1654	15	62	51	Y	H	4	Y
504	31	1658	15.7	52	41	Y	H	3	Y
505	30	1660	16.1	10	8	Y	L	7	Y
506	32	1680	18.7	6	4	Y	L	4	N
507	30	1680	21.5	9	6	Y	L	7	N
508	30	1680	18.9	51	48	Y	H	3	Y
509	31	1685	14	33	8	Y	H	6	N
510	32	1700	18.8	4	3	N	L	7	N
511	33	1710	14.7	5	4	Y	L	4	N
512	30	1724	10.2	12	9	Y	L	4	N
513	33	1725	19.8	3	1	N	L	6	N
514	31	1750	13.9	18	18	Y	L	5	N
515	34	1760	18	9	4	Y	L	6	N
516	33	1760	19.4	25	20	Y	L	3	Y
517	33	1760	20.3	17	2	Y	L	6	Y
518	33	1770	12.3	50	38	N	L	5	N
519	32	1778	17.3	15	13	Y	L	6	N
520	34	1780	17.2	12	5	Y	L	7	N
521	31	1790	18.2	2	1	Y	L	7	N
522	31	1800	12.3	2	1	Y	L	6	N
523	32	1806	12.6	8	3	Y	L	7	N
524	34	1816	20.8	6	3	N	L	6	N
525	34	1818	13.6	28	13	Y	L	5	N
526	32	1820	19	7	2	N	L	2	N
527	34	1835	17.6	13	10	Y	L	7	N
528	36	1850	21.2	12	8	Y	L	7	N
529	35	1851	18.7	18	10	Y	L	4	Y
530	33	1855	15.8	20	3	Y	L	7	N
531	36	1860	21.3	8	0	N	Z	7	N
532	32	1890	9.1	7	2	Y	L	6	N
533	32	1896	16.4	19	13	Y	L	6	N
534	33	1896	19.2	12	4	Y	L	8	Y
535	34	1900	16.1	10	0	N	Z	6	N
536	36	1900	18.8	2	1	N	L	5	N
537	33	1904	18.1	0	0	N	Z	4	N
538	36	1910	17.5	2	0	N	Z	6	N
539	36	1912	14.1	2	2	Y	L	5	N
540	35	1918	18.2	8	2	Y	L	5	N
541	33	1924	12.1	7	3	Y	L	7	N
542	31	1930	19	12	4	Y	L	7	N
543	36	1940	18.2	1	0	N	Z	7	N
544	36	1940	20.8	0	0	N	Z	7	N
545	33	1950	18.6	5	3	N	L	7	N
546	33	1950	17.2	3	1	Y	L	5	N
547	34	1950	19.2	1	0	N	Z	7	N
548	32	1950	14.5	10	4	Y	L	6	N
549	34	1950	11.2	22	15	Y	L	5	N
550	36	1960	16.8	6	3	N	L	6	N
551	33	1960	17.6	5	4	Y	L	8	N
552	33	1960	17.5	6	3	Y	L	8	N
553	35	1965	17.4	7	2	Y	L	6	N
554	32	1970	15.2	9	7	Y	L	7	N
555	30	1975	17.1	9	5	Y	L	5	N
556	35	1978	16.8	3	1	Y	L	7	N
557	32	1985	14	7	2	N	L	6	N
558	36	1985	15.2	3	1	Y	L	6	N
559	31	1990	18.1	8	8	Y	L	6	N
560	30	1990	17.3	1	0	N	Z	8	N
561	34	1995	18.8	1	1	N	L	7	N
562	32	2000	14.8	3	1	N	L	7	N
563	35	2000	17.2	0	0	N	Z	7	N
564	35	2000	15.8	2	2	Y	L	5	N
565	33	2005	18.2	1	0	N	Z	7	N
566	34	2008	18.1	8	1	Y	L	6	N
567	31	2010	17.5	6	3	Y	L	7	N
568	34	2020	14	5	2	Y	L	7	N
569	36	2020	17.8	3	2	Y	L	5	N
570	33	2030	16.6	1	1	N	L	7	N
571	34	2030	16.1	8	5	Y	L	6	N
572	34	2030	12.1	2	1	N	L	7	N
573	33	2030	18.3	4	2	N	L	6	N
574	32	2035	20.7	2	2	N	L	5	N
575	33	2038	17.8	10	0	Y	Z	6	N
576	32	2050	15.6	18	8	N	L	6	N
577	33	2050	16.8	1	1	N	L	7	N
578	34	2055	20.6	2	1	N	L	5	N
579	33	2058	18.7	0	0	N	Z	6	N
580	33	2065	16.5	9	2	Y	L	7	N
581	35	2065	18.2	4	3	Y	L	6	N
582	34	2075	13.6	0	0	N	Z	7	N
583	36	2085	15.1	2	1	N	L	7	N
584	34	2086	19.2	2	1	N	L	7	N
585	35	2090	22.2	9	6	Y	L	3	N
586	36	2096	15.1	5	3	N	L	7	N
587	36	2096	15.7	6	3	Y	L	7	N
588	35	2096	15.2	15	3	Y	L	6	N
589	34	2110	15.4	2	2	N	L	7	N
590	36	2115	18.6	2	1	N	L	7	N
591	33	2115	17.3	13	2	Y	H	6	Y
592	35	2115	21.4	8	3	Y	L	7	N
593	36	2115	20.5	0	0	N	Z	7	N
594	30	2124	17.9	25	8	Y	L	5	Y
595	35	2125	19.5	3	1	Y	L	6	N
596	36	2130	14.8	2	0	N	Z	7	N
597	35	2135	19.3	8	2	Y	L	7	N
598	35	2135	18.3	4	3	Y	L	7	N
599	34	2150	18.2	0	0	N	Z	6	N
600	35	2170	15.8	4	2	Y	L	3	N
601	36	2178	14.9	2	2	Y	L	7	N
602	34	2180	15.7	5	3	Y	L	7	N
603	34	2180	17.8	3	3	Y	L	6	N
604	33	2185	14.3	1	0	N	L	7	N
605	35	2185	10.1	8	5	N	L	6	N
606	36	2185	16.4	2	2	Y	L	2	N
607	36	2190	16.1	1	0	N	Z	7	N
608	35	2190	14.6	8	3	N	L	7	N
609	36	2195	12.7	0	0	N	Z	6	N
610	36	2195	18.5	1	1	N	L	6	N
611	36	2196	18.2	0	0	N	Z	6	N
612	36	2200	18.6	0	0	N	Z	6	N
613	34	2200	15.9	9	3	Y	H	7	N
614	34	2200	20.7	1	0	N	Z	7	N
615	36	2200	16.1	5	3	N	L	7	N
616	32	2210	16	27	4	Y	L	3	N
617	35	2210	20.6	3	1	N	L	7	N
618	35	2220	15.5	2	2	Y	L	7	N
619	34	2230	19.2	2	2	Y	L	7	N
620	36	2230	20.5	1	1	N	L	7	N
621	35	2232	17.1	3	1	Y	L	6	N
622	34	2234	15.8	8	4	Y	L	7	N
623	35	2235	16.3	0	0	N	Z	7	N
624	36	2235	18.5	0	0	N	Z	7	N
625	34	2240	17.5	5	4	Y	L	7	N
626	35	2240	17.1	20	10	Y	L	6	N
627	36	2240	15.6	3	3	Y	L	6	N
628	35	2255	16.3	1	1	N	L	5	N
629	33	2258	16.1	2	1	N	L	5	N
630	33	2270	18.5	15	4	Y	L	6	N
631	35	2270	16.2	14	10	N	L	5	N
632	36	2270	16.9	1	1	N	L	7	N
633	35	2275	16.8	7	0	N	Z	6	N
634	36	2290	18.4	2	2	N	L	7	N
635	36	2295	19.7	5	3	Y	L	6	N
636	35	2300	19	2	1	N	L	6	N
637	36	2300	21	5	3	Y	L	0	N
638	34	2305	22	8	4	N	L	6	N
639	35	2308	18	3	1	Y	L	6	N
640	35	2310	19	2	1	N	L	6	N
641	35	2310	18.5	0	0	N	Z	7	N
642	35	2312	18.4	1	1	N	L	7	N
643	33	2315	18.8	2	1	Y	L	6	N
644	32	2320	20	4	3	Y	L	7	N
645	36	2325	14.1	3	3	Y	L	4	N
646	36	2330	13.2	3	1	N	L	7	N
647	36	2330	18.1	6	5	Y	L	7	N
648	35	2334	15.1	5	3	Y	L	5	N
649	36	2335	18	5	2	Y	L	7	N
650	36	2350	17.3	4	2	Y	L	7	N
651	34	2360	12.4	0	0	N	Z	7	N
652	34	2362	16.2	3	2	N	L	5	N
653	34	2370	19.2	6	4	Y	L	4	N
654	35	2370	15.4	5	5	N	L	7	N
655	36	2370	18.7	5	4	Y	L	5	N
656	36	2375	16.7	2	2	N	L	6	N
657	36	2375	22.1	0	0	N	Z	7	N
658	35	2380	18.5	2	1	N	L	7	N
659	36	2385	20.1	6	4	N	L	7	N
660	36	2385	17.8	9	1	Y	L	7	N
661	36	2395	23.1	1	1	N	L	7	N
662	35	2396	13.6	6	4	N	L	7	N
663	35	2400	16.8	6	2	Y	L	7	N
664	33	2405	17.5	9	6	Y	L	7	N
665	32	2405	19.2	1	0	N	Z	7	N
666	36	2415	18.3	3	2	Y	L	6	N
667	36	2420	17	10	5	Y	L	7	N
668	36	2420	19.2	1	0	N	Z	7	N
669	36	2430	15.7	0	0	N	Z	7	N
670	36	2430	17.1	0	0	N	Z	7	N
671	36	2435	20.7	4	2	Y	L	7	N
672	35	2436	18.2	3	1	Y	L	7	N
673	35	2440	16.6	5	1	Y	L	7	N
674	33	2445	14.8	3	3	Y	L	7	N
675	35	2450	19.2	0	0	N	Z	8	N
676	35	2450	17.5	1	1	N	L	7	N
677	36	2450	19.2	8	4	N	L	6	N
678	36	2450	14.6	3	2	N	L	8	N
679	32	2454	18.2	11	2	Y	L	5	N
680	33	2460	18	1	1	N	L	6	N
681	35	2470	16.6	2	2	Y	L	6	N
682	35	2480	17.3	5	1	Y	L	7	N
683	36	2480	16.3	2	2	Y	L	7	N
684	36	2495	13.2	2	1	Y	L	5	N
685	36	2495	16	6	4	Y	L	7	N
686	32	2496	17.1	6	4	Y	L	6	N
687	26	718	15.4	92	32	Y	H	1	Y
688	31	790	18.4	75	9	Y	L	5	N
689	25	790	13.8	104	50	Y	H	5	Y
690	25	790	13.8	104	63	Y	H	5	Y
691	28	798	21	92	52	Y	H	1	Y
692	25	800	15.8	96	32	Y	H	3	Y
693	26	816	15.2	84	30	Y	H	3	Y
694	24	823	12.8	99	68	Y	H	3	Y
695	24	842	15.8	94	32	Y	H	3	Y
696	27	843	16.3	71	31	Y	H	3	Y
697	29	843	14.5	92	65	Y	H	3	Y
698	27	856	14.9	81	66	Y	H	3	Y
699	27	860	16.4	92	55	Y	H	1	Y
700	26	860	20	83	59	Y	H	2	Y
701	27	874	13.8	73	30	Y	L	2	Y
702	26	889	15.2	84	42	Y	H	3	Y
703	30	890	15.9	84	62	Y	H	2	Y
704	28	900	18.1	55	53	Y	H	6	Y
705	29	910	17.8	82	58	Y	H	2	Y
706	26	912	18.5	91	41	Y	L	5	Y
707	26	912	18.2	61	53	Y	H	2	Y
708	30	920	16.4	94	60	Y	H	1	Y
709	26	925	15.4	91	33	Y	L	5	Y
710	27	925	15.3	70	28	Y	H	3	Y
711	28	932	19.9	85	54	Y	H	2	Y
712	25	936	15.9	80	50	Y	H	3	Y
713	27	942	20.2	94	51	Y	H	1	Y
714	27	946	14.1	70	28	Y	H	4	Y
715	27	948	19.6	82	60	Y	H	2	Y
716	34	950	15.4	65	9	Y	L	3	N
717	25	956	16.8	86	33	Y	L	5	Y
718	26	965	16.8	91	65	Y	H	3	Y
719	26	968	15.9	88	26	Y	H	2	Y
720	26	980	13.7	86	68	Y	H	3	Y
721	28	981	20.6	84	56	Y	H	2	Y
722	28	985	16.9	58	45	Y	H	2	Y
723	28	990	20	84	62	Y	H	2	Y
724	27	996	15.9	84	66	Y	H	3	Y
725	26	999	16.8	82	62	Y	H	3	Y
726	26	1000	11.4	78	59	Y	H	3	Y
727	26	1000	16.1	79	63	Y	H	3	Y
728	28	1010	18.9	58	40	Y	L	6	Y
729	24	1011	13.9	54	26	Y	H	3	Y
730	26	1011	16.8	78	42	Y	H	2	Y
731	27	1011	15.8	69	38	Y	H	4	Y
732	24	1029	16.5	45	34	Y	L	5	Y
733	27	1034	17.4	79	70	Y	H	4	Y
734	28	1035	16.2	59	56	Y	L	5	N
735	28	1038	15.2	49	30	Y	L	5	Y
736	28	1043	16.8	62	38	Y	H	2	Y
737	26	1045	12.8	56	22	Y	L	3	Y
738	26	1052	15	60	22	Y	H	2	Y
739	26	1052	15	63	55	Y	H	2	Y
740	31	1052	14.9	51	25	Y	L	3	Y
741	28	1058	14.8	38	21	Y	H	3	Y
742	26	1063	16.7	86	33	Y	L	5	Y
743	26	1084	15.8	77	48	Y	H	2	Y
744	28	1085	18.5	74	58	Y	H	4	Y
745	28	1088	19.1	79	63	Y	H	5	Y
746	26	1088	14.2	70	28	Y	H	4	Y
747	29	1091	18.2	66	32	Y	H	2	Y
748	32	1103	16.5	66	54	Y	H	2	Y
749	29	1110	17.4	43	17	Y	H	4	Y
750	26	1110	18.7	72	58	Y	H	4	Y
751	27	1120	13.4	68	36	Y	H	2	Y
752	27	1120	18.5	87	39	Y	L	5	Y
753	35	1126	14.2	49	18	Y	H	4	Y
754	35	1126	14.6	48	36	Y	H	4	Y
755	29	1129	16.7	39	32	Y	L	5	Y
756	26	1130	14.9	57	12	Y	L	6	N
757	27	1145	13.7	65	54	Y	L	6	N
758	28	1150	17	64	21	Y	H	5	Y
759	28	1150	16.9	46	22	Y	L	5	N
760	27	1160	13.6	44	31	Y	H	3	Y
761	27	1169	18.2	52	30	Y	H	2	Y
762	26	1178	16.6	63	55	Y	H	2	Y
763	30	1182	12.8	44	40	Y	L	4	Y
764	26	1184	20.8	51	24	Y	H	1	Y
765	26	1194	17.2	67	48	Y	H	3	Y
766	27	1199	18.1	51	29	Y	H	2	Y
767	27	1201	18.4	60	48	Y	H	2	Y
768	28	1209	21	52	39	Y	H	4	Y
769	30	1210	11.7	44	40	Y	L	4	Y
770	29	1220	19.5	57	18	Y	L	5	N
771	29	1220	19.5	58	46	Y	H	5	Y
772	28	1238	14.2	56	39	Y	L	6	Y
773	30	1240	15.8	40	6	Y	L	6	N
774	29	1240	17.1	32	18	Y	H	3	Y
775	33	1244	14	28	9	Y	L	6	N
776	29	1245	16.4	59	26	Y	L	5	Y
777	29	1254	15.7	50	45	Y	H	6	Y
778	29	1265	14.7	60	25	Y	H	3	Y
779	28	1266	16.2	75	21	Y	H	6	N
780	28	1269	14.2	49	22	Y	H	1	Y
781	30	1280	18.6	39	24	Y	L	6	Y
782	30	1284	20.5	25	15	Y	H	3	Y
783	31	1285	21.5	51	42	Y	H	4	Y
784	29	1285	15.9	40	21	Y	H	3	Y
785	28	1289	17.1	20	15	Y	H	3	N
786	30	1290	21	52	46	Y	L	2	Y
787	28	1290	16.1	20	11	Y	L	3	Y
788	30	1300	19.5	34	16	Y	L	6	N
789	29	1300	16.5	32	13	Y	H	1	Y
790	27	1305	18.3	52	47	Y	H	2	Y
791	29	1310	16.7	92	26	Y	H	4	N
792	28	1310	15.8	58	23	Y	H	3	Y
793	32	1320	19.1	18	10	Y	L	5	N
794	29	1320	16.8	14	6	Y	L	3	Y
795	30	1321	20.1	60	20	Y	L	5	Y
796	30	1326	14.5	42	12	Y	L	5	N
797	28	1340	15.8	57	48	Y	L	4	Y
798	36	1350	16.8	24	4	Y	L	6	N
799	30	1350	20.5	14	7	Y	L	3	Y
800	32	1356	16.9	11	5	Y	H	3	Y
801	31	1370	11.6	25	13	Y	L	4	Y
802	31	1375	20.1	67	39	Y	H	4	Y
803	28	1380	17.5	11	6	Y	H	3	N
804	32	1380	16.8	7	4	Y	L	6	N
805	31	1382	19	39	4	Y	L	4	N
806	29	1390	11.3	41	30	Y	H	6	N
807	30	1400	16.5	41	6	Y	L	4	N
808	28	1403	20.8	58	20	Y	L	5	Y
809	30	1404	16.5	59	34	Y	L	5	N
810	31	1410	21	38	5	Y	L	5	N
811	34	1420	19	23	7	Y	L	7	N
812	24	1428	18.7	56	31	Y	L	5	Y
813	36	1444	13.2	9	3	Y	L	5	N
814	30	1468	18.3	36	16	Y	L	5	Y
815	30	1468	18.3	17	16	Y	L	5	Y
816	30	1480	17.5	33	16	Y	L	6	N
817	30	1480	17.5	17	16	Y	L	6	N
818	31	1490	20.5	30	25	Y	L	3	N
819	34	1490	15.3	33	23	Y	L	2	N
820	32	1492	16.2	20	2	Y	L	2	N
821	30	1492	19.8	15	5	Y	L	3	N
822	30	1498	19.6	23	21	Y	L	6	N
823	32	1508	19.6	19	10	Y	L	7	N
824	30	1520	21.1	27	18	Y	L	6	Y
825	30	1520	16.9	27	22	Y	L	6	Y
826	31	1530	16.4	20	4	Y	L	5	N
827	32	1530	18.1	28	5	Y	L	6	N
828	34	1530	16.8	34	24	Y	L	1	Y
829	30	1530	19.6	46	19	Y	L	6	N
830	30	1536	13.7	27	17	Y	L	4	N
831	29	1550	21	73	10	Y	L	5	Y
832	31	1558	16.9	30	17	Y	L	5	Y
833	30	1560	12.2	12	6	Y	L	3	Y
834	31	1586	16.4	21	11	Y	L	7	N
835	29	1588	19.1	36	32	Y	L	6	N
836	29	1610	19.4	36	22	N	L	5	N
837	31	1610	15.9	3	3	Y	L	6	N
838	35	1615	14.9	7	0	N	Z	7	N
839	28	1620	17.9	38	30	Y	L	2	Y
840	27	1620	16.9	68	39	Y	H	4	Y
841	29	1630	16	7	3	Y	L	6	N
842	33	1640	12.2	4	4	Y	L	4	N
843	34	1640	18.9	3	2	N	L	7	N
844	36	1650	16.5	4	2	Y	L	6	N
845	32	1652	14.4	18	7	Y	L	6	N
846	27	1654	15	62	51	Y	H	4	Y
847	31	1658	15.7	52	41	Y	H	3	Y
848	30	1660	16.1	10	8	Y	L	7	Y
849	32	1680	18.7	6	4	Y	L	4	N
850	30	1680	21.5	9	6	Y	L	7	N
851	30	1680	18.9	51	48	Y	H	3	Y
852	31	1685	14	33	8	Y	H	6	N
853	32	1700	18.8	4	3	N	L	7	N
854	33	1710	14.7	5	4	Y	L	4	N
855	30	1724	10.2	12	9	Y	L	4	N
856	33	1725	19.8	3	1	N	L	6	N
857	31	1750	13.9	18	18	Y	L	5	N
858	34	1760	18	9	4	Y	L	6	N
859	33	1760	19.4	25	20	Y	L	3	Y
860	33	1760	20.3	17	2	Y	L	6	Y
861	33	1770	12.3	50	38	N	L	5	N
862	32	1778	17.3	15	13	Y	L	6	N
863	34	1780	17.2	12	5	Y	L	7	N
864	31	1790	18.2	2	1	Y	L	7	N
865	31	1800	12.3	2	1	Y	L	6	N
866	32	1806	12.6	8	3	Y	L	7	N
867	34	1816	20.8	6	3	N	L	6	N
868	34	1818	13.6	28	13	Y	L	5	N
869	32	1820	19	7	2	N	L	2	N
870	34	1835	17.6	13	10	Y	L	7	N
871	36	1850	21.2	12	8	Y	L	7	N
872	35	1851	18.7	18	10	Y	L	4	Y
873	33	1855	15.8	20	3	Y	L	7	N
874	36	1860	21.3	8	0	N	Z	7	N
875	32	1890	9.1	7	2	Y	L	6	N
876	32	1896	16.4	19	13	Y	L	6	N
877	33	1896	19.2	12	4	Y	L	8	Y
878	34	1900	16.1	10	0	N	Z	6	N
879	36	1900	18.8	2	1	N	L	5	N
880	33	1904	18.1	0	0	N	Z	4	N
881	36	1910	17.5	2	0	N	Z	6	N
882	36	1912	14.1	2	2	Y	L	5	N
883	35	1918	18.2	8	2	Y	L	5	N
884	33	1924	12.1	7	3	Y	L	7	N
885	31	1930	19	12	4	Y	L	7	N
886	36	1940	18.2	1	0	N	Z	7	N
887	36	1940	20.8	0	0	N	Z	7	N
888	33	1950	18.6	5	3	N	L	7	N
889	33	1950	17.2	3	1	Y	L	5	N
890	34	1950	19.2	1	0	N	Z	7	N
891	32	1950	14.5	10	4	Y	L	6	N
892	34	1950	11.2	22	15	Y	L	5	N
893	36	1960	16.8	6	3	N	L	6	N
894	33	1960	17.6	5	4	Y	L	8	N
895	33	1960	17.5	6	3	Y	L	8	N
896	35	1965	17.4	7	2	Y	L	6	N
897	32	1970	15.2	9	7	Y	L	7	N
898	30	1975	17.1	9	5	Y	L	5	N
899	35	1978	16.8	3	1	Y	L	7	N
900	32	1985	14	7	2	N	L	6	N
901	36	1985	15.2	3	1	Y	L	6	N
902	31	1990	18.1	8	8	Y	L	6	N
903	30	1990	17.3	1	0	N	Z	8	N
904	34	1995	18.8	1	1	N	L	7	N
905	32	2000	14.8	3	1	N	L	7	N
906	35	2000	17.2	0	0	N	Z	7	N
907	35	2000	15.8	2	2	Y	L	5	N
908	33	2005	18.2	1	0	N	Z	7	N
909	34	2008	18.1	8	1	Y	L	6	N
910	31	2010	17.5	6	3	Y	L	7	N
911	34	2020	14	5	2	Y	L	7	N
912	36	2020	17.8	3	2	Y	L	5	N
913	33	2030	16.6	1	1	N	L	7	N
914	34	2030	16.1	8	5	Y	L	6	N
915	34	2030	12.1	2	1	N	L	7	N
916	33	2030	18.3	4	2	N	L	6	N
917	32	2035	20.7	2	2	N	L	5	N
918	33	2038	17.8	10	0	Y	Z	6	N
919	32	2050	15.6	18	8	N	L	6	N
920	33	2050	16.8	1	1	N	L	7	N
921	34	2055	20.6	2	1	N	L	5	N
922	33	2058	18.7	0	0	N	Z	6	N
923	33	2065	16.5	9	2	Y	L	7	N
924	35	2065	18.2	4	3	Y	L	6	N
925	34	2075	13.6	0	0	N	Z	7	N
926	36	2085	15.1	2	1	N	L	7	N
927	34	2086	19.2	2	1	N	L	7	N
928	35	2090	22.2	9	6	Y	L	3	N
929	36	2096	15.1	5	3	N	L	7	N
930	36	2096	15.7	6	3	Y	L	7	N
931	35	2096	15.2	15	3	Y	L	6	N
932	34	2110	15.4	2	2	N	L	7	N
933	36	2115	18.6	2	1	N	L	7	N
934	33	2115	17.3	13	2	Y	H	6	Y
935	35	2115	21.4	8	3	Y	L	7	N
936	36	2115	20.5	0	0	N	Z	7	N
937	30	2124	17.9	25	8	Y	L	5	Y
938	35	2125	19.5	3	1	Y	L	6	N
939	36	2130	14.8	2	0	N	Z	7	N
940	35	2135	19.3	8	2	Y	L	7	N
941	35	2135	18.3	4	3	Y	L	7	N
942	34	2150	18.2	0	0	N	Z	6	N
943	35	2170	15.8	4	2	Y	L	3	N
944	36	2178	14.9	2	2	Y	L	7	N
945	34	2180	15.7	5	3	Y	L	7	N
946	34	2180	17.8	3	3	Y	L	6	N
947	33	2185	14.3	1	0	N	L	7	N
948	35	2185	10.1	8	5	N	L	6	N
949	36	2185	16.4	2	2	Y	L	2	N
950	36	2190	16.1	1	0	N	Z	7	N
951	35	2190	14.6	8	3	N	L	7	N
952	36	2195	12.7	0	0	N	Z	6	N
953	36	2195	18.5	1	1	N	L	6	N
954	36	2196	18.2	0	0	N	Z	6	N
955	36	2200	18.6	0	0	N	Z	6	N
956	34	2200	15.9	9	3	Y	H	7	N
957	34	2200	20.7	1	0	N	Z	7	N
958	36	2200	16.1	5	3	N	L	7	N
959	32	2210	16	27	4	Y	L	3	N
960	35	2210	20.6	3	1	N	L	7	N
961	35	2220	15.5	2	2	Y	L	7	N
962	34	2230	19.2	2	2	Y	L	7	N
963	36	2230	20.5	1	1	N	L	7	N
964	35	2232	17.1	3	1	Y	L	6	N
965	34	2234	15.8	8	4	Y	L	7	N
966	35	2235	16.3	0	0	N	Z	7	N
967	36	2235	18.5	0	0	N	Z	7	N
968	34	2240	17.5	5	4	Y	L	7	N
969	35	2240	17.1	20	10	Y	L	6	N
970	36	2240	15.6	3	3	Y	L	6	N
971	35	2255	16.3	1	1	N	L	5	N
972	33	2258	16.1	2	1	N	L	5	N
973	33	2270	18.5	15	4	Y	L	6	N
974	35	2270	16.2	14	10	N	L	5	N
975	36	2270	16.9	1	1	N	L	7	N
976	35	2275	16.8	7	0	N	Z	6	N
977	36	2290	18.4	2	2	N	L	7	N
978	36	2295	19.7	5	3	Y	L	6	N
979	35	2300	19	2	1	N	L	6	N
980	36	2300	21	5	3	Y	L	0	N
981	34	2305	22	8	4	N	L	6	N
982	35	2308	18	3	1	Y	L	6	N
983	35	2310	19	2	1	N	L	6	N
984	35	2310	18.5	0	0	N	Z	7	N
985	35	2312	18.4	1	1	N	L	7	N
986	33	2315	18.8	2	1	Y	L	6	N
987	32	2320	20	4	3	Y	L	7	N
988	36	2325	14.1	3	3	Y	L	4	N
989	36	2330	13.2	3	1	N	L	7	N
990	36	2330	18.1	6	5	Y	L	7	N
991	35	2334	15.1	5	3	Y	L	5	N
992	36	2335	18	5	2	Y	L	7	N
993	36	2350	17.3	4	2	Y	L	7	N
994	34	2360	12.4	0	0	N	Z	7	N
995	34	2362	16.2	3	2	N	L	5	N
996	34	2370	19.2	6	4	Y	L	4	N
997	35	2370	15.4	5	5	N	L	7	N
998	36	2370	18.7	5	4	Y	L	5	N
999	36	2375	16.7	2	2	N	L	6	N
1000	36	2375	22.1	0	0	N	Z	7	N
1001	35	2380	18.5	2	1	N	L	7	N
1002	36	2385	20.1	6	4	N	L	7	N
1003	36	2385	17.8	9	1	Y	L	7	N
1004	36	2395	23.1	1	1	N	L	7	N
1005	35	2396	13.6	6	4	N	L	7	N
1006	35	2400	16.8	6	2	Y	L	7	N
1007	33	2405	17.5	9	6	Y	L	7	N
1008	32	2405	19.2	1	0	N	Z	7	N
1009	36	2415	18.3	3	2	Y	L	6	N
1010	36	2420	17	10	5	Y	L	7	N
1011	36	2420	19.2	1	0	N	Z	7	N
1012	36	2430	15.7	0	0	N	Z	7	N
1013	36	2430	17.1	0	0	N	Z	7	N
1014	36	2435	20.7	4	2	Y	L	7	N
1015	35	2436	18.2	3	1	Y	L	7	N
1016	35	2440	16.6	5	1	Y	L	7	N
1017	33	2445	14.8	3	3	Y	L	7	N
1018	35	2450	19.2	0	0	N	Z	8	N
1019	35	2450	17.5	1	1	N	L	7	N
1020	36	2450	19.2	8	4	N	L	6	N
1021	36	2450	14.6	3	2	N	L	8	N
1022	32	2454	18.2	11	2	Y	L	5	N
1023	33	2460	18	1	1	N	L	6	N
1024	35	2470	16.6	2	2	Y	L	6	N
1025	35	2480	17.3	5	1	Y	L	7	N
1026	36	2480	16.3	2	2	Y	L	7	N
1027	36	2495	13.2	2	1	Y	L	5	N
1028	36	2495	16	6	4	Y	L	7	N
1029	32	2496	17.1	6	4	Y	L	6	N